<?xml version="1.0" encoding="utf-8" ?>
<!DOCTYPE xml>
<odoo noupdate="1">

    <!-- Table Data -->
    <record id="hotel_restaurant_tables_table0" model="hotel.restaurant.tables">
        <field eval="2" name="capacity" />
        <field eval="&quot;Table-1&quot;" name="name" />
    </record>
    <record id="hotel_restaurant_tables_table1" model="hotel.restaurant.tables">
        <field eval="4" name="capacity" />
        <field eval="&quot;Table-2&quot;" name="name" />
    </record>
    <record id="hotel_restaurant_tables_table2" model="hotel.restaurant.tables">
        <field eval="8" name="capacity" />
        <field eval="&quot;Table-3&quot;" name="name" />
    </record>
    <record id="hotel_restaurant_tables_table3" model="hotel.restaurant.tables">
        <field eval="5" name="capacity" />
        <field eval="&quot;Table-4&quot;" name="name" />
    </record>

    <!-- Food Item Category -->
    <record id="hotel_menucard_type_0" model="hotel.menucard.type">
        <field name="name">All FoodItems</field>
    </record>
    <record id="hotel_menucard_type_1" model="hotel.menucard.type">
        <field name="menu_id" search="[('name', '=', 'All FoodItems')]" />
        <field name="name">Punjabi</field>
    </record>
    <record id="hotel_menucard_type_2" model="hotel.menucard.type">
        <field name="menu_id" search="[('name', '=', 'All FoodItems')]" />
        <field name="name">South Indian</field>
    </record>
    <record id="hotel_menucard_type_3" model="hotel.menucard.type">
        <field name="menu_id" search="[('name', '=', 'All FoodItems')]" />
        <field name="name">Gujarati</field>
    </record>

    <!-- Food Item List -->
    <record id="hotel_fooditem_0" model="hotel.menucard">
        <field name="name">Paneer Tikaa</field>
        <field name="categ_id" search="[('name', '=', 'Punjabi')]" />
        <field name="list_price">50.00</field>
        <field
            name="image_1920"
            type="base64"
            file="hotel_restaurant/static/img/paneer_tikka.png"
        />
    </record>
    <record id="hotel_fooditem_1" model="hotel.menucard">
        <field name="name">Tanduri Roti</field>
        <field name="categ_id" search="[('name', '=', 'Punjabi')]" />
        <field name="list_price">10</field>
        <field
            name="image_1920"
            type="base64"
            file="hotel_restaurant/static/img/tandoori-roti.jpg"
        />
    </record>
    <record id="hotel_fooditem_4" model="hotel.menucard">
        <field name="name">Paneer Butter Masala</field>
        <field name="categ_id" search="[('name', '=', 'Punjabi')]" />
        <field name="list_price">60.00</field>
        <field
            name="image_1920"
            type="base64"
            file="hotel_restaurant/static/img/paneer_butter_masala.jpg"
        />
    </record>
    <record id="hotel_fooditem_5" model="hotel.menucard">
        <field name="name">Cheese Masala</field>
        <field name="categ_id" search="[('name', '=', 'Punjabi')]" />
        <field name="list_price">110.00</field>
        <field
            name="image_1920"
            type="base64"
            file="hotel_restaurant/static/img/chees_masala.jpg"
        />
    </record>
    <record id="hotel_fooditem_6" model="hotel.menucard">
        <field name="name">Paneer Bhurji</field>
        <field name="categ_id" search="[('name', '=', 'Punjabi')]" />
        <field name="list_price">80.00</field>
        <field
            name="image_1920"
            type="base64"
            file="hotel_restaurant/static/img/paneer_bhurji.jpg"
        />
    </record>
    <record id="hotel_fooditem_7" model="hotel.menucard">
        <field name="name">Mutter Paneer</field>
        <field name="categ_id" search="[('name', '=', 'Punjabi')]" />
        <field name="list_price">70.00</field>
        <field
            name="image_1920"
            type="base64"
            file="hotel_restaurant/static/img/muttter_paneer.png"
        />
    </record>
    <record id="hotel_fooditem_8" model="hotel.menucard">
        <field name="name">Malai Kofta</field>
        <field name="categ_id" search="[('name', '=', 'Punjabi')]" />
        <field name="list_price">85.00</field>
        <field
            name="image_1920"
            type="base64"
            file="hotel_restaurant/static/img/malai_kofta.jpg"
        />
    </record>
    <record id="hotel_fooditem_22" model="hotel.menucard">
        <field name="name">Masala kulcha</field>
        <field name="categ_id" search="[('name', '=', 'Punjabi')]" />
        <field name="list_price">30</field>
        <field
            name="image_1920"
            type="base64"
            file="hotel_restaurant/static/img/masala_kulcha.jpg"
        />
    </record>
    <record id="hotel_fooditem_10" model="hotel.menucard">
        <field name="name">Paneer Makhani</field>
        <field name="categ_id" search="[('name', '=', 'Punjabi')]" />
        <field name="list_price">90.00</field>
        <field
            name="image_1920"
            type="base64"
            file="hotel_restaurant/static/img/paneer_makhani.jpg"
        />
    </record>

    <!-- Gujarati -->
    <record id="hotel_fooditem_21" model="hotel.menucard">
        <field name="name">Chole-Bhature</field>
        <field name="categ_id" search="[('name', '=', 'Gujarati')]" />
        <field name="list_price">60.00</field>
        <field
            name="image_1920"
            type="base64"
            file="hotel_restaurant/static/img/chole.png"
        />
    </record>
    <record id="hotel_fooditem_12" model="hotel.menucard">
        <field name="name">Bahji Pav</field>
        <field name="categ_id" search="[('name', '=', 'Gujarati')]" />
        <field name="list_price">60</field>
        <field
            name="image_1920"
            type="base64"
            file="hotel_restaurant/static/img/bhaji_paw.jpg"
        />
    </record>
    <record id="hotel_fooditem_13" model="hotel.menucard">
        <field name="name">Khandvi</field>
        <field name="categ_id" search="[('name', '=', 'Gujarati')]" />
        <field name="list_price">40</field>
        <field
            name="image_1920"
            type="base64"
            file="hotel_restaurant/static/img/khandvi.jpg"
        />
    </record>
    <record id="hotel_fooditem_14" model="hotel.menucard">
        <field name="name">Halva</field>
        <field name="categ_id" search="[('name', '=', 'Gujarati')]" />
        <field name="list_price">80</field>
        <field
            name="image_1920"
            type="base64"
            file="hotel_restaurant/static/img/Halva.jpg"
        />
    </record>

    <!-- South Indian -->
    <record id="hotel_fooditem_2" model="hotel.menucard">
        <field name="name">Dosa</field>
        <field name="categ_id" search="[('name', '=', 'South Indian')]" />
        <field name="list_price">30.00</field>
        <field
            name="image_1920"
            type="base64"
            file="hotel_restaurant/static/img/dosa.png"
        />
    </record>
    <record id="hotel_fooditem_15" model="hotel.menucard">
        <field name="name">Idli-Sambar</field>
        <field name="categ_id" search="[('name', '=', 'South Indian')]" />
        <field name="list_price">40.00</field>
        <field
            name="image_1920"
            type="base64"
            file="hotel_restaurant/static/img/Idli_sambar.jpg"
        />
    </record>
    <record id="hotel_fooditem_16" model="hotel.menucard">
        <field name="name">Upma</field>
        <field name="categ_id" search="[('name', '=', 'South Indian')]" />
        <field name="list_price">30.00</field>
        <field
            name="image_1920"
            type="base64"
            file="hotel_restaurant/static/img/upma.jpg"
        />
    </record>
    <record id="hotel_fooditem_17" model="hotel.menucard">
        <field name="name">Vada-Sambar</field>
        <field name="categ_id" search="[('name', '=', 'South Indian')]" />
        <field name="list_price">50.00</field>
        <field
            name="image_1920"
            type="base64"
            file="hotel_restaurant/static/img/vada_sambhar.jpg"
        />
    </record>
    <record id="hotel_fooditem_18" model="hotel.menucard">
        <field name="name">Uttapam</field>
        <field name="categ_id" search="[('name', '=', 'South Indian')]" />
        <field name="list_price">70.00</field>
        <field
            name="image_1920"
            type="base64"
            file="hotel_restaurant/static/img/uttapam.jpg"
        />
    </record>
    <record id="hotel_fooditem_19" model="hotel.menucard">
        <field name="name">Appam</field>
        <field name="categ_id" search="[('name', '=', 'South Indian')]" />
        <field name="list_price">60.00</field>
        <field
            name="image_1920"
            type="base64"
            file="hotel_restaurant/static/img/appam1.jpg"
        />
    </record>
    <record id="hotel_fooditem_20" model="hotel.menucard">
        <field name="name">Pongal</field>
        <field name="categ_id" search="[('name', '=', 'South Indian')]" />
        <field name="list_price">50.00</field>
        <field
            name="image_1920"
            type="base64"
            file="hotel_restaurant/static/img/pongal.jpg"
        />
    </record>

    <record id="hotel_restaurant_reservation_0" model="hotel.restaurant.reservation">
        <field
            name="table_nos_ids"
            eval="[(6,0,[ref('hotel_restaurant.hotel_restaurant_tables_table1'),ref('hotel_restaurant.hotel_restaurant_tables_table0')])]"
        />
        <field name="room_id" ref="point_of_sale.wall_shelf" />
        <field eval="(DateTime.today()+ timedelta(days=1))" name="end_date" />
        <field name="partner_address_id" ref="base.res_partner_4" />
        <field eval="&quot;draft&quot;" name="state" />
        <field name="customer_id" ref="base.res_partner_4" />
        <field eval="&quot;R0/00001&quot;" name="reservation_id" />
        <field eval="(DateTime.today())" name="start_date" />
    </record>
    <record id="hotel_restaurant_reservation_1" model="hotel.restaurant.reservation">
        <field
            name="table_nos_ids"
            eval="[(6,0,[ref('hotel_restaurant.hotel_restaurant_tables_table2'),ref('hotel_restaurant.hotel_restaurant_tables_table3')])]"
        />
        <field name="room_id" ref="point_of_sale.small_shelf" />
        <field eval="(DateTime.today()+ timedelta(days=2))" name="end_date" />
        <field name="partner_address_id" ref="base.res_partner_3" />
        <field eval="&quot;draft&quot;" name="state" />
        <field name="customer_id" ref="base.res_partner_3" />
        <field eval="&quot;R0/00002&quot;" name="reservation_id" />
        <field eval="(DateTime.today()+ timedelta(days=1))" name="start_date" />
    </record>

    <record id="hotel_reservation_order_0" model="hotel.reservation.order">
        <field
            name="table_nos_ids"
            eval="[(6,0,[ref('hotel_restaurant.hotel_restaurant_tables_table1'),ref('hotel_restaurant.hotel_restaurant_tables_table0')])]"
        />
        <field eval="(DateTime.today()+ timedelta(days=1))" name="order_date" />
        <field eval="&quot;ORR/00001&quot;" name="order_number" />
        <field ref="hotel_restaurant_reservation_0" name="reservation_id" />
    </record>
    <record id="hotel_reservation_order_line_0" model="hotel.restaurant.order.list">
        <field name="reservation_order_id" ref="hotel_reservation_order_0" />
        <field name="menucard_id" ref="hotel_fooditem_0" />
        <field name="item_qty">2</field>
        <field name="item_rate">50.00</field>
    </record>
    <record id="hotel_reservation_order_1" model="hotel.reservation.order">
        <field
            name="table_nos_ids"
            eval="[(6,0,[ref('hotel_restaurant.hotel_restaurant_tables_table2'),ref('hotel_restaurant.hotel_restaurant_tables_table3')])]"
        />
        <field eval="(DateTime.today()+ timedelta(days=1))" name="order_date" />
        <field eval="&quot;ORR/00002&quot;" name="order_number" />
        <field ref="hotel_restaurant_reservation_1" name="reservation_id" />
    </record>

    <record id="hotel_reservation_order_line_1" model="hotel.restaurant.order.list">
        <field name="reservation_order_id" ref="hotel_reservation_order_1" />
        <field name="menucard_id" ref="hotel_fooditem_1" />
        <field name="item_qty">3</field>
        <field name="item_rate">30.00</field>
    </record>

    <!-- Table Order -->
    <record id="hotel_restaurant_order_0" model="hotel.restaurant.order">
        <field
            name="table_nos_ids"
            eval="[(6,0,[ref('hotel_restaurant.hotel_restaurant_tables_table1'),ref('hotel_restaurant.hotel_restaurant_tables_table0')])]"
        />
        <field eval="(DateTime.today()+ timedelta(days=1))" name="o_date" />
        <field name="customer_id" ref="base.res_partner_3" />
        <field eval="&quot;OR/00001&quot;" name="order_no" />
        <field name="room_id" ref="point_of_sale.wall_shelf" />
    </record>

    <record id="hotel_restaurant_order_list_0" model="hotel.restaurant.order.list">
        <field name="restaurant_order_id" ref="hotel_restaurant_order_0" />
        <field name="menucard_id" ref="hotel_fooditem_1" />
        <field name="item_qty">3</field>
        <field name="item_rate">30.00</field>
    </record>

    <record id="hotel_restaurant_order_1" model="hotel.restaurant.order">
        <field
            name="table_nos_ids"
            eval="[(6,0,[ref('hotel_restaurant.hotel_restaurant_tables_table2')])]"
        />
        <field eval="(DateTime.today()+ timedelta(days=2))" name="o_date" />
        <field name="customer_id" ref="base.res_partner_4" />
        <field eval="&quot;OR/00002&quot;" name="order_no" />
        <field name="room_id" ref="point_of_sale.small_shelf" />
    </record>

    <record id="hotel_restaurant_order_list_1" model="hotel.restaurant.order.list">
        <field name="restaurant_order_id" ref="hotel_restaurant_order_1" />
        <field name="menucard_id" ref="hotel_fooditem_0" />
        <field name="item_qty">3</field>
        <field name="item_rate">50.00</field>
    </record>

</odoo>
