<odoo noupdate="1">
    <!-- Demo data for hotel reservation -->
    <record id="hotel_reservation_0" model="hotel.reservation">
        <field
            eval="(DateTime.today()).strftime('%Y-%m-%d 10:00:00')"
            name="date_order"
        />
        <field
            eval="(DateTime.today() + relativedelta(days=2)).strftime('%Y-%m-%d 10:00:00')"
            name="checkout"
        />
        <field
            eval="(DateTime.today() + relativedelta(days=1)).strftime('%Y-%m-%d 10:00:00')"
            name="checkin"
        />
        <field name="company_id" ref="base.main_company" />
        <field name="pricelist_id" ref="product.list0" />
        <field name="partner_id" ref="base.res_partner_2" />
        <field name="partner_invoice_id" ref="base.res_partner_2" />
        <field name="partner_shipping_id" ref="base.res_partner_2" />
        <field eval="&quot;R/00002&quot;" name="reservation_no" />
    </record>
    <record id="hotel_reservation_line_0" model="hotel.reservation.line">
        <field name="line_id" ref="hotel_reservation_0" />
        <field name="categ_id" ref="hotel.hotel_room_type_1" />
        <field eval="[(6,0,[ref('hotel.hotel_room_0')])]" name="reserve" />
    </record>
</odoo>
